1,Nour_0,1234,Nour,Elwshahy,NourElwshahy@gmail.com,25,French,Premium,
2,Noureen_7,2000,Noureen,Amer,Nouren@gmail.com,25,Lithuanian,Premium
3,Nadoda0,9876,Nada,kamal,Nada_n@gmail.com,25,Russian,Basic
4,Suzan_55,2257,suzan,john,suzan@gmail.com,35,Lithuanian,Standard.
5,Losia14,2900,Losia,Adel,LosiaAdel@gmail.com,20,Serbian,Premium
6,Nmison_99,20054654,misonn,Amer,Mison@gmail.com,55,Spanish,Standard
7,Youstina_7,201500,Youstina,Mecho,YoustinaMecho@gmail.com,19,Syrian,Basic
8,Hagoora_99,26564,Hager,Rashed,HagerRashed@gmail.com,29,Turkish,Standard